user_id,id,rating
1,1147,3
1,175,2
1,440,1
1,710,1
1,361,3
1,457,2
1,819,3
1,394,5
1,1083,2
1,110,1
2,824,5
2,952,3
2,1338,5
2,947,3
2,1069,5
2,1319,4
2,1151,1
2,1025,2
2,184,1
2,534,3
3,150,1
3,423,2
3,57,3
3,707,3
3,175,1
3,1055,1
3,1347,4
3,955,3
3,344,2
3,681,1
4,244,5
4,427,4
4,1186,3
4,413,4
4,96,3
4,256,2
4,563,3
4,146,2
4,241,1
4,730,2
5,1098,2
5,188,2
5,152,4
5,1139,1
5,1247,5
5,1215,3
5,191,4
5,1356,4
5,1304,1
5,1081,3
6,199,3
6,750,2
6,1003,3
6,712,4
6,970,1
6,467,5
6,440,4
6,1206,4
6,500,4
6,1265,4
7,479,1
7,1084,2
7,108,1
7,52,4
7,265,3
7,506,1
7,166,5
7,444,4
7,251,1
7,389,5
8,1079,1
8,588,2
8,1289,2
8,544,5
8,809,3
8,914,4
8,1103,4
8,10,5
8,1150,1
8,566,5
9,627,1
9,1156,4
9,936,4
9,1079,5
9,553,3
9,1277,2
9,580,4
9,749,2
9,747,5
9,786,4
10,28,1
10,866,3
10,172,1
10,87,1
10,654,4
10,1,5
10,361,5
10,120,1
10,639,3
10,960,2
11,743,3
11,592,1
11,489,1
11,1340,2
11,309,5
11,53,4
11,449,2
11,687,4
11,1074,3
11,928,5
12,292,1
12,843,4
12,1233,3
12,1032,2
12,692,2
12,1035,4
12,554,3
12,298,3
12,260,2
12,587,5
13,611,5
13,152,4
13,871,4
13,520,1
13,565,1
13,157,2
13,422,2
13,1057,3
13,1306,1
13,1030,3
14,843,5
14,921,3
14,499,4
14,1054,1
14,549,4
14,1027,5
14,721,2
14,1252,5
14,1047,1
14,285,4
15,461,5
15,913,5
15,948,4
15,973,5
15,1013,1
15,1321,3
15,1360,4
15,1243,4
15,1343,4
15,648,2
16,796,2
16,730,5
16,590,1
16,361,4
16,397,5
16,993,1
16,755,3
16,501,5
16,1051,3
16,495,2
17,455,2
17,978,1
17,122,2
17,241,4
17,570,2
17,1106,3
17,144,4
17,208,3
17,256,2
17,541,5
18,877,5
18,845,5
18,603,3
18,1334,3
18,1283,2
18,24,3
18,336,2
18,1258,2
18,1143,1
18,38,5
19,1243,4
19,714,5
19,1136,5
19,1242,3
19,1271,3
19,1289,2
19,798,4
19,822,5
19,149,1
19,117,5
20,1079,4
20,467,1
20,952,3
20,608,5
20,561,2
20,1005,2
20,374,5
20,1044,4
20,297,2
20,486,2
21,1259,4
21,846,1
21,765,3
21,746,5
21,690,1
21,1157,1
21,532,1
21,186,3
21,895,2
21,934,2
22,1207,1
22,183,4
22,640,1
22,721,5
22,798,4
22,515,5
22,1309,2
22,481,4
22,1248,1
22,489,5
23,1030,4
23,200,2
23,649,4
23,895,5
23,939,5
23,1066,4
23,1338,2
23,401,4
23,916,5
23,533,1
24,328,2
24,844,2
24,501,4
24,530,2
24,836,4
24,689,3
24,808,3
24,1229,3
24,416,3
24,511,1
25,454,4
25,884,2
25,1023,2
25,925,3
25,604,2
25,218,1
25,1348,1
25,797,1
25,529,2
25,1162,3
26,623,4
26,848,1
26,698,1
26,356,2
26,1211,4
26,347,5
26,1155,3
26,648,2
26,361,5
26,554,2
27,303,5
27,562,2
27,387,2
27,607,3
27,330,3
27,1047,1
27,857,5
27,1270,2
27,1048,2
27,70,2
28,297,1
28,674,4
28,900,4
28,273,1
28,470,1
28,1143,3
28,1063,1
28,174,5
28,986,2
28,1094,1
29,1046,3
29,1035,2
29,13,3
29,1085,2
29,10,5
29,960,4
29,1257,5
29,29,3
29,242,4
29,770,4
30,1121,2
30,951,4
30,1052,1
30,49,4
30,915,3
30,1337,3
30,141,5
30,1226,5
30,785,3
30,979,1
31,422,3
31,1229,3
31,852,5
31,639,3
31,198,1
31,1197,5
31,556,3
31,634,2
31,1014,1
31,620,5
32,711,4
32,779,2
32,885,1
32,315,2
32,712,1
32,763,3
32,703,5
32,757,4
32,1255,1
32,818,1
33,85,4
33,97,2
33,734,4
33,1064,1
33,785,3
33,340,5
33,273,1
33,1281,4
33,1166,5
33,604,2
34,1112,4
34,83,2
34,852,1
34,1175,1
34,1317,3
34,92,1
34,362,5
34,793,2
34,1231,4
34,401,4
35,206,2
35,1045,3
35,802,5
35,44,2
35,534,4
35,1104,4
35,882,2
35,243,4
35,1357,2
35,186,5
36,196,5
36,628,5
36,866,1
36,1277,2
36,1048,1
36,95,5
36,152,1
36,614,4
36,270,2
36,130,1
37,345,1
37,573,5
37,1175,4
37,1071,2
37,1054,2
37,17,5
37,372,2
37,1010,3
37,233,5
37,1,2
38,366,1
38,86,4
38,541,4
38,236,5
38,1098,1
38,1354,1
38,1157,1
38,1130,5
38,615,5
38,1066,3
39,681,3
39,1112,1
39,636,5
39,161,1
39,1153,5
39,552,4
39,600,2
39,465,3
39,669,5
39,1326,1
40,1085,5
40,299,4
40,411,3
40,1167,3
40,1217,5
40,701,2
40,960,3
40,135,4
40,622,5
40,1162,5
41,942,1
41,1359,2
41,591,2
41,793,2
41,197,5
41,104,4
41,390,3
41,404,3
41,339,2
41,1230,1
42,319,5
42,1199,5
42,101,2
42,235,3
42,312,1
42,941,1
42,1089,1
42,1120,2
42,366,3
42,814,5
43,2,1
43,826,4
43,973,2
43,123,1
43,211,5
43,750,5
43,1029,2
43,901,2
43,7,2
43,1018,4
44,275,4
44,383,4
44,592,4
44,1193,1
44,1342,3
44,911,4
44,1026,4
44,1183,1
44,471,5
44,821,3
45,1148,5
45,904,2
45,408,2
45,272,1
45,33,1
45,1341,2
45,472,4
45,141,5
45,1306,1
45,1170,5
46,508,3
46,1124,4
46,700,3
46,769,1
46,883,4
46,564,1
46,1169,4
46,1151,5
46,1254,1
46,1039,3
47,397,3
47,1282,1
47,202,2
47,201,1
47,753,4
47,1112,5
47,1260,4
47,537,4
47,445,4
47,1251,1
48,24,5
48,1016,3
48,398,3
48,764,1
48,1286,5
48,647,5
48,971,3
48,505,2
48,492,4
48,433,2
49,264,3
49,4,5
49,53,1
49,865,2
49,459,2
49,715,4
49,401,2
49,178,5
49,1151,3
49,1199,4
50,388,2
50,1268,3
50,4,2
50,217,3
50,688,3
50,435,2
50,1301,3
50,1094,2
50,1093,4
50,1254,4
51,658,5
51,351,2
51,622,1
51,349,1
51,384,3
51,774,3
51,818,1
51,1194,4
51,629,5
51,23,5
52,627,1
52,1096,4
52,862,5
52,471,2
52,782,1
52,427,1
52,62,5
52,379,1
52,531,2
52,943,3
53,1274,1
53,143,5
53,1259,4
53,98,5
53,268,3
53,900,2
53,269,1
53,82,2
53,855,4
53,624,5
54,593,4
54,321,1
54,267,4
54,1184,3
54,1070,1
54,491,1
54,761,4
54,764,1
54,1109,4
54,352,1
55,177,1
55,360,1
55,542,4
55,172,1
55,109,3
55,385,2
55,213,1
55,360,5
55,1105,4
55,352,1
56,698,3
56,807,2
56,452,3
56,1126,1
56,1082,4
56,118,2
56,143,3
56,265,4
56,1031,1
56,476,1
57,61,1
57,644,4
57,8,5
57,25,2
57,204,5
57,475,2
57,193,4
57,721,5
57,700,4
57,772,1
58,424,3
58,1233,1
58,544,1
58,40,5
58,1089,3
58,928,3
58,1238,2
58,1136,1
58,1009,1
58,124,4
59,913,1
59,790,2
59,839,5
59,1,2
59,55,3
59,932,3
59,81,1
59,96,5
59,887,1
59,115,5
60,1327,2
60,824,5
60,186,1
60,131,4
60,1241,1
60,87,3
60,220,2
60,682,3
60,467,3
60,94,1
61,1148,3
61,504,2
61,185,1
61,953,3
61,777,1
61,652,4
61,470,3
61,1192,2
61,1303,1
61,1349,3
62,482,2
62,968,1
62,1190,4
62,584,5
62,804,2
62,1119,1
62,1126,3
62,285,4
62,596,2
62,1320,1
63,199,1
63,521,5
63,563,2
63,958,2
63,523,3
63,1307,5
63,1078,4
63,1136,3
63,473,2
63,1352,3
64,182,5
64,672,4
64,801,5
64,852,4
64,209,5
64,714,2
64,1245,1
64,295,2
64,983,5
64,174,2
65,272,5
65,201,1
65,221,2
65,169,2
65,877,5
65,1162,5
65,1184,2
65,765,5
65,1156,5
65,1307,2
66,626,3
66,107,5
66,123,4
66,1146,5
66,344,5
66,1009,1
66,507,1
66,1009,3
66,812,2
66,1190,5
67,1282,5
67,305,4
67,150,3
67,784,1
67,250,1
67,33,4
67,716,3
67,174,3
67,15,4
67,541,2
68,1302,5
68,97,3
68,915,3
68,471,3
68,181,2
68,1362,5
68,1219,3
68,191,3
68,308,1
68,123,2
69,904,3
69,722,5
69,102,2
69,396,5
69,702,4
69,821,2
69,122,4
69,866,5
69,1218,1
69,688,3
70,485,2
70,782,2
70,1103,1
70,95,1
70,270,3
70,802,2
70,975,4
70,586,3
70,63,5
70,341,3
71,680,4
71,562,2
71,1053,2
71,511,1
71,767,3
71,74,5
71,263,3
71,893,4
71,756,4
71,776,4
72,581,4
72,1061,3
72,905,3
72,681,3
72,523,4
72,122,3
72,221,4
72,204,2
72,847,2
72,1011,2
73,542,3
73,542,1
73,1025,4
73,182,1
73,655,3
73,311,2
73,19,4
73,911,1
73,495,3
73,340,5
74,1109,2
74,955,3
74,459,3
74,584,4
74,152,1
74,1306,1
74,821,4
74,1023,4
74,590,2
74,779,5
75,215,5
75,898,4
75,1331,4
75,526,5
75,1238,3
75,791,3
75,1104,3
75,630,4
75,725,3
75,1150,4
76,1108,3
76,997,3
76,78,3
76,559,4
76,1115,2
76,838,1
76,322,4
76,842,2
76,1254,3
76,433,2
77,747,4
77,554,4
77,748,2
77,915,4
77,1309,4
77,288,2
77,562,1
77,1130,4
77,811,3
77,37,4
78,963,4
78,1224,5
78,996,3
78,368,1
78,1348,3
78,924,3
78,1184,2
78,1043,2
78,1067,2
78,1099,5
79,890,4
79,766,3
79,330,3
79,654,1
79,203,2
79,1214,2
79,516,3
79,178,2
79,904,5
79,1105,5
80,693,2
80,634,5
80,115,4
80,758,4
80,760,3
80,332,1
80,1121,2
80,1316,2
80,1282,3
80,23,1
81,1261,3
81,325,5
81,1076,3
81,28,5
81,101,1
81,472,2
81,384,3
81,534,1
81,419,1
81,724,1
82,195,3
82,31,1
82,1174,4
82,531,4
82,1156,1
82,1031,4
82,950,5
82,602,1
82,1094,3
82,460,2
83,264,3
83,466,3
83,1267,1
83,452,2
83,506,4
83,1207,1
83,970,1
83,529,4
83,236,2
83,52,4
84,379,5
84,945,2
84,371,5
84,874,2
84,26,2
84,1042,1
84,1012,3
84,696,4
84,279,2
84,107,3
85,251,1
85,1240,5
85,102,4
85,574,5
85,458,4
85,1299,1
85,962,3
85,47,5
85,85,3
85,778,3
86,1014,4
86,1204,1
86,787,5
86,442,5
86,297,2
86,1139,1
86,483,3
86,689,1
86,203,2
86,1321,5
87,1310,5
87,51,4
87,313,1
87,700,4
87,204,2
87,1257,5
87,1300,5
87,617,2
87,947,5
87,648,3
88,539,4
88,1171,4
88,1249,2
88,1324,3
88,688,5
88,1241,3
88,868,2
88,1326,3
88,1026,3
88,212,2
89,478,1
89,862,2
89,1269,3
89,1306,2
89,169,4
89,1270,1
89,219,2
89,903,3
89,364,1
89,946,2
90,379,4
90,863,4
90,1033,3
90,1277,2
90,135,1
90,350,2
90,23,5
90,324,5
90,847,2
90,46,1
91,504,5
91,44,5
91,171,4
91,5,1
91,975,1
91,637,4
91,1014,5
91,181,2
91,119,2
91,1246,3
92,1067,1
92,761,1
92,1327,2
92,98,3
92,221,1
92,656,5
92,329,2
92,1359,1
92,60,1
92,106,2
93,109,4
93,791,1
93,910,1
93,795,4
93,283,3
93,715,2
93,634,5
93,113,4
93,954,4
93,914,5
94,872,1
94,356,2
94,15,4
94,680,1
94,537,4
94,1166,1
94,1176,3
94,778,2
94,552,4
94,251,4
95,1073,4
95,1050,5
95,726,1
95,47,4
95,932,2
95,1292,2
95,235,4
95,314,3
95,937,4
95,534,2
96,247,1
96,874,3
96,1073,3
96,582,4
96,365,1
96,420,2
96,1028,4
96,5,5
96,1010,4
96,1330,3
97,795,5
97,182,4
97,209,3
97,155,3
97,832,2
97,613,5
97,1160,1
97,369,3
97,801,5
97,1086,3
98,924,4
98,771,3
98,834,1
98,892,5
98,1136,2
98,973,3
98,1167,4
98,161,4
98,1002,2
98,816,1
99,252,1
99,153,5
99,812,1
99,129,2
99,866,5
99,558,5
99,1007,2
99,916,3
99,100,3
99,301,4
100,664,4
100,585,2
100,998,2
100,980,1
100,938,1
100,859,2
100,478,1
100,1282,5
100,193,3
100,1215,5
101,867,2
101,559,2
101,51,5
101,1140,4
101,1191,1
101,306,4
101,1124,5
101,1046,1
101,1008,1
101,456,3
102,533,4
102,643,5
102,142,5
102,805,3
102,820,2
102,795,3
102,971,4
102,24,2
102,1179,5
102,485,4
103,771,1
103,779,2
103,894,3
103,513,5
103,912,1
103,1186,3
103,1240,2
103,320,1
103,106,4
103,769,4
104,425,3
104,1048,5
104,245,2
104,776,4
104,350,2
104,207,1
104,709,4
104,1304,2
104,490,5
104,1076,1
105,472,3
105,776,1
105,208,5
105,258,5
105,1224,2
105,953,5
105,489,4
105,490,4
105,271,5
105,1131,1
106,1246,5
106,8,4
106,970,1
106,842,2
106,229,3
106,1332,5
106,1129,5
106,1063,5
106,565,2
106,697,2
107,667,3
107,1260,4
107,1143,2
107,1061,1
107,1262,5
107,43,1
107,186,2
107,1299,3
107,1292,3
107,342,3
108,690,2
108,446,5
108,29,2
108,36,5
108,177,3
108,1355,4
108,63,5
108,408,1
108,341,4
108,1336,3
109,959,2
109,625,3
109,1249,1
109,988,2
109,151,4
109,484,1
109,1263,5
109,749,4
109,608,3
109,964,3
110,617,4
110,516,4
110,22,4
110,411,4
110,150,2
110,1045,5
110,80,5
110,482,1
110,549,3
110,400,3
111,924,2
111,677,5
111,529,5
111,1013,3
111,1140,3
111,905,2
111,1315,1
111,637,5
111,293,4
111,320,3
112,1146,1
112,34,1
112,1019,5
112,292,3
112,702,4
112,240,5
112,906,5
112,489,3
112,686,3
112,1087,1
113,885,5
113,1073,2
113,194,1
113,160,3
113,1069,3
113,858,1
113,1357,4
113,963,2
113,1160,2
113,1044,3
114,168,2
114,1352,2
114,621,2
114,1028,2
114,443,3
114,832,4
114,1120,5
114,521,4
114,845,2
114,744,2
115,1180,4
115,275,5
115,1228,5
115,748,3
115,1103,3
115,436,1
115,1272,4
115,1160,4
115,834,5
115,647,2
116,685,2
116,240,5
116,333,5
116,721,3
116,403,3
116,475,3
116,986,4
116,918,4
116,1197,5
116,1347,3
117,738,1
117,174,3
117,897,1
117,869,5
117,119,5
117,1196,1
117,459,5
117,719,2
117,305,5
117,1145,1
118,60,5
118,901,4
118,525,1
118,1107,2
118,387,2
118,857,3
118,101,3
118,1338,5
118,345,5
118,131,4
119,528,4
119,848,1
119,166,5
119,548,3
119,438,4
119,370,1
119,1042,4
119,546,4
119,1243,1
119,860,1
120,15,5
120,527,3
120,272,1
120,917,1
120,764,3
120,594,2
120,1053,4
120,651,3
120,86,3
120,342,2
121,1252,2
121,957,5
121,306,2
121,198,4
121,213,3
121,381,1
121,611,5
121,820,2
121,1302,1
121,1152,3
122,656,4
122,167,5
122,19,5
122,480,5
122,823,1
122,301,1
122,367,2
122,629,3
122,335,5
122,613,2
123,589,1
123,581,5
123,196,4
123,297,5
123,722,5
123,7,2
123,347,4
123,622,3
123,557,4
123,151,3
124,1293,5
124,678,3
124,960,5
124,840,1
124,964,3
124,1145,2
124,288,2
124,599,5
124,558,3
124,916,1
125,1273,1
125,497,5
125,136,3
125,1099,3
125,1040,2
125,473,5
125,739,4
125,346,1
125,192,5
125,15,5
126,904,3
126,922,3
126,1310,1
126,606,2
126,582,4
126,1293,1
126,1338,1
126,1088,1
126,524,2
126,267,5
127,933,4
127,354,1
127,1304,5
127,1107,2
127,260,1
127,1118,4
127,1317,5
127,725,2
127,438,4
127,1334,4
128,113,1
128,1094,5
128,1318,5
128,95,3
128,472,5
128,150,1
128,320,1
128,622,3
128,3,3
128,1269,2
129,202,4
129,1276,3
129,1159,3
129,538,2
129,588,1
129,1044,4
129,1325,1
129,395,5
129,255,1
129,813,1
130,801,3
130,327,5
130,250,1
130,845,1
130,995,4
130,1345,2
130,144,5
130,851,3
130,893,2
130,420,4
131,485,2
131,813,5
131,1275,2
131,1201,1
131,1135,2
131,168,5
131,1196,2
131,1080,2
131,929,2
131,1314,3
132,596,5
132,241,2
132,1026,1
132,942,1
132,125,1
132,1096,4
132,1290,5
132,560,5
132,6,4
132,238,4
133,1349,3
133,472,3
133,382,3
133,1085,5
133,528,3
133,623,1
133,1310,2
133,49,2
133,1291,2
133,506,1
134,902,4
134,983,1
134,503,3
134,783,5
134,1035,1
134,719,5
134,135,1
134,515,2
134,705,3
134,1065,1
135,679,4
135,1229,2
135,1193,5
135,922,1
135,904,5
135,1293,4
135,1243,3
135,614,2
135,1038,2
135,759,5
136,674,3
136,1342,2
136,968,3
136,144,3
136,607,5
136,122,2
136,578,3
136,882,1
136,342,4
136,671,5
137,11,4
137,93,1
137,96,3
137,999,1
137,1335,3
137,304,2
137,260,3
137,349,2
137,981,2
137,1136,1
138,888,4
138,366,2
138,644,2
138,131,5
138,691,3
138,790,5
138,613,3
138,385,3
138,440,3
138,151,5
139,1274,4
139,1090,2
139,1329,5
139,11,5
139,448,1
139,429,5
139,801,5
139,646,4
139,481,1
139,558,1
140,368,1
140,135,3
140,503,3
140,674,4
140,1120,5
140,823,1
140,907,1
140,1096,3
140,1097,1
140,340,4
141,1325,4
141,1361,2
141,1205,3
141,1159,5
141,131,1
141,322,5
141,567,5
141,669,4
141,123,1
141,458,2
142,115,2
142,235,1
142,40,4
142,693,4
142,586,2
142,707,2
142,484,3
142,661,1
142,761,1
142,1211,4
143,617,5
143,758,1
143,90,3
143,1346,2
143,55,5
143,113,2
143,1266,2
143,200,3
143,642,1
143,157,1
144,123,1
144,267,4
144,875,1
144,1011,5
144,464,2
144,1141,1
144,310,2
144,612,3
144,762,5
144,889,3
145,941,1
145,325,5
145,910,3
145,1292,1
145,1075,4
145,156,4
145,573,2
145,1192,4
145,224,4
145,1094,1
146,243,4
146,578,2
146,1219,2
146,1063,3
146,909,2
146,439,4
146,257,3
146,719,2
146,727,1
146,576,5
147,688,5
147,597,3
147,260,3
147,153,2
147,398,5
147,1024,5
147,375,5
147,818,5
147,441,3
147,1164,4
148,1316,5
148,846,1
148,1115,1
148,649,4
148,1262,1
148,1341,5
148,985,5
148,1251,2
148,906,5
148,333,4
149,658,3
149,1206,4
149,384,4
149,419,2
149,463,5
149,337,5
149,390,5
149,206,3
149,152,2
149,124,5
150,778,4
150,1217,5
150,883,3
150,200,4
150,1059,5
150,408,1
150,481,2
150,45,4
150,753,5
150,900,1
151,1295,2
151,452,4
151,56,3
151,625,3
151,1314,4
151,242,1
151,108,1
151,794,5
151,809,4
151,285,2
152,1125,3
152,1307,2
152,328,5
152,22,5
152,1119,5
152,703,2
152,224,4
152,552,2
152,1122,3
152,1125,3
153,1271,3
153,181,3
153,1205,4
153,677,2
153,1120,2
153,1204,3
153,909,4
153,336,4
153,735,2
153,1217,2
154,1265,3
154,279,1
154,40,3
154,13,3
154,774,5
154,652,2
154,955,1
154,1228,4
154,848,2
154,628,4
155,1186,2
155,285,3
155,768,3
155,1037,3
155,1255,5
155,503,4
155,471,4
155,451,2
155,391,1
155,634,3
156,557,1
156,892,1
156,869,1
156,367,1
156,252,4
156,38,5
156,1009,5
156,826,3
156,125,3
156,662,3
157,1087,5
157,904,1
157,719,1
157,40,4
157,65,3
157,1294,3
157,82,2
157,908,2
157,299,3
157,291,3
158,134,4
158,1128,1
158,369,2
158,861,3
158,34,5
158,1078,1
158,859,4
158,474,1
158,1127,4
158,806,4
159,288,4
159,181,3
159,445,3
159,1242,3
159,1006,3
159,374,2
159,84,2
159,1058,1
159,1235,2
159,414,4
160,1139,2
160,100,3
160,632,1
160,782,3
160,850,5
160,635,3
160,439,1
160,1070,4
160,192,2
160,624,3
161,1348,3
161,554,2
161,587,2
161,1131,2
161,955,2
161,1077,2
161,194,2
161,943,4
161,967,2
161,280,5
162,696,5
162,1076,4
162,340,3
162,354,5
162,1015,4
162,19,4
162,1203,2
162,846,1
162,940,1
162,388,5
163,1226,1
163,841,1
163,1217,5
163,1185,3
163,920,2
163,409,3
163,212,5
163,677,3
163,191,2
163,599,4
164,787,4
164,523,2
164,1213,5
164,378,2
164,1208,1
164,858,2
164,171,4
164,147,5
164,807,5
164,110,4
165,1001,5
165,285,4
165,753,2
165,321,1
165,462,2
165,1068,3
165,740,2
165,323,3
165,707,2
165,123,4
166,232,1
166,186,5
166,984,3
166,438,5
166,734,1
166,193,2
166,706,2
166,356,4
166,1146,2
166,873,4
167,774,3
167,139,3
167,1319,5
167,133,1
167,987,2
167,762,5
167,347,2
167,6,1
167,90,2
167,986,2
168,746,4
168,378,2
168,470,3
168,76,1
168,194,1
168,206,2
168,1189,1
168,40,2
168,96,1
168,1204,1
169,1346,2
169,817,1
169,1184,3
169,1157,2
169,1289,1
169,321,5
169,85,1
169,867,5
169,472,2
169,903,4
170,579,3
170,426,4
170,252,3
170,20,1
170,762,1
170,1096,2
170,645,2
170,480,2
170,106,2
170,92,2
171,661,3
171,943,3
171,1269,1
171,508,2
171,244,2
171,1178,1
171,193,5
171,690,1
171,582,1
171,982,3
172,1115,2
172,294,1
172,634,2
172,1127,3
172,239,2
172,1243,2
172,934,2
172,624,4
172,1348,3
172,745,2
173,997,4
173,569,5
173,1072,1
173,1118,2
173,394,5
173,1188,5
173,1354,2
173,892,4
173,839,5
173,229,2
174,839,1
174,1319,4
174,944,2
174,1129,1
174,903,3
174,730,2
174,415,5
174,889,1
174,727,1
174,942,3
175,1070,1
175,370,2
175,913,4
175,977,5
175,26,3
175,118,1
175,465,5
175,226,1
175,369,3
175,870,5
176,322,3
176,913,2
176,207,4
176,1133,3
176,991,4
176,838,1
176,960,4
176,1081,4
176,55,4
176,397,3
177,114,1
177,60,2
177,1019,3
177,580,5
177,507,3
177,216,1
177,838,5
177,1128,4
177,1289,2
177,1183,5
178,465,2
178,858,5
178,770,5
178,1026,5
178,859,1
178,1190,5
178,194,2
178,618,1
178,895,2
178,853,1
179,169,5
179,1353,5
179,1059,3
179,618,2
179,913,4
179,495,2
179,195,5
179,16,4
179,1010,3
179,90,4
180,1239,2
180,1294,4
180,1090,4
180,63,5
180,168,1
180,1348,3
180,1272,5
180,1238,3
180,1232,5
180,906,1
181,1252,4
181,989,3
181,545,1
181,1142,2
181,530,5
181,440,4
181,1333,5
181,182,5
181,770,3
181,892,1
182,1151,3
182,141,2
182,1089,1
182,191,5
182,284,4
182,1319,3
182,458,2
182,843,2
182,656,4
182,901,4
183,49,1
183,1009,1
183,40,5
183,352,3
183,893,3
183,1179,3
183,1353,1
183,509,2
183,627,2
183,104,3
184,1243,3
184,1338,4
184,436,1
184,859,4
184,1148,4
184,233,5
184,1280,3
184,39,3
184,1236,2
184,1156,4
185,724,3
185,373,3
185,27,5
185,201,4
185,1295,2
185,1061,4
185,1061,1
185,1202,3
185,570,3
185,149,3
186,627,4
186,1014,4
186,988,1
186,376,5
186,179,3
186,382,1
186,500,5
186,1016,2
186,359,5
186,311,1
187,884,4
187,783,5
187,1140,5
187,741,5
187,350,5
187,289,1
187,643,4
187,545,1
187,428,2
187,99,3
188,801,4
188,38,1
188,1269,2
188,845,3
188,1291,5
188,320,3
188,433,4
188,557,2
188,780,2
188,1147,3
189,866,5
189,479,2
189,12,3
189,924,3
189,209,5
189,757,3
189,126,5
189,649,5
189,686,3
189,370,3
190,19,2
190,398,5
190,911,1
190,1131,2
190,716,3
190,1015,1
190,1012,3
190,981,1
190,847,5
190,1127,5
191,635,2
191,490,4
191,360,4
191,411,2
191,19,4
191,821,5
191,64,5
191,544,4
191,964,4
191,18,3
192,52,1
192,110,1
192,1259,2
192,1359,1
192,1043,3
192,1278,2
192,640,5
192,1350,4
192,252,2
192,441,4
193,886,1
193,557,5
193,243,5
193,1122,2
193,321,1
193,215,2
193,21,5
193,776,2
193,885,4
193,920,5
194,1133,1
194,937,1
194,1252,5
194,897,5
194,466,5
194,1063,2
194,471,2
194,188,4
194,1176,2
194,105,3
195,560,5
195,182,4
195,779,4
195,855,2
195,608,4
195,1100,3
195,198,5
195,346,5
195,1088,5
195,685,2
196,778,1
196,475,3
196,731,1
196,1199,3
196,733,2
196,1144,4
196,1037,2
196,1165,2
196,387,1
196,978,4
197,925,4
197,1055,1
197,618,5
197,227,1
197,961,5
197,1296,2
197,102,2
197,769,1
197,887,5
197,85,3
198,1100,3
198,22,3
198,887,1
198,495,1
198,956,4
198,1336,1
198,1005,1
198,716,5
198,915,1
198,929,3
199,545,2
199,279,5
199,106,3
199,441,2
199,942,3
199,1066,4
199,613,1
199,1266,3
199,972,5
199,1041,2
200,669,2
200,157,4
200,54,1
200,1274,4
200,1098,3
200,378,3
200,967,3
200,311,4
200,909,1
200,417,5
201,600,5
201,141,2
201,706,2
201,278,1
201,1138,3
201,740,4
201,634,2
201,819,3
201,821,5
201,1116,3
202,164,2
202,1042,5
202,148,4
202,389,5
202,168,1
202,1344,4
202,746,3
202,201,1
202,803,2
202,729,3
203,571,2
203,1239,4
203,540,2
203,1008,5
203,514,3
203,1082,4
203,1292,2
203,448,4
203,1152,5
203,337,5
204,350,2
204,1333,2
204,337,3
204,1266,3
204,472,4
204,594,5
204,873,1
204,1093,1
204,1142,1
204,571,1
205,592,4
205,1289,1
205,769,5
205,276,3
205,815,3
205,441,3
205,569,2
205,31,4
205,1183,5
205,701,5
206,624,1
206,423,1
206,1128,2
206,529,5
206,239,3
206,1187,2
206,114,3
206,1199,2
206,645,2
206,1003,4
207,58,1
207,491,5
207,884,3
207,1166,3
207,746,1
207,330,5
207,559,3
207,1263,4
207,476,4
207,279,5
208,1176,5
208,1004,1
208,1291,2
208,1123,1
208,270,2
208,257,2
208,1102,3
208,557,5
208,1349,5
208,986,1
209,177,5
209,1292,2
209,275,5
209,1021,5
209,210,3
209,1141,5
209,1068,5
209,209,1
209,140,4
209,771,5
210,321,3
210,1214,5
210,258,4
210,59,5
210,1318,5
210,118,4
210,90,5
210,252,5
210,472,2
210,293,5
211,987,3
211,734,5
211,18,1
211,517,3
211,135,2
211,789,3
211,511,2
211,458,5
211,995,1
211,1067,5
212,1239,2
212,1253,1
212,190,5
212,273,4
212,433,3
212,926,1
212,799,1
212,785,5
212,543,5
212,294,1
213,1205,1
213,691,3
213,227,4
213,658,2
213,1284,3
213,1149,3
213,1237,1
213,1145,1
213,247,3
213,1050,3
214,191,3
214,1341,5
214,1234,4
214,1123,5
214,42,1
214,686,3
214,168,3
214,426,1
214,1232,1
214,988,4
215,1089,1
215,359,1
215,648,5
215,67,2
215,987,3
215,929,2
215,343,1
215,996,3
215,581,1
215,711,3
216,48,3
216,601,4
216,866,1
216,154,3
216,605,1
216,61,5
216,965,2
216,443,3
216,61,1
216,518,2
217,1302,5
217,1343,2
217,1124,2
217,131,3
217,788,3
217,165,4
217,1213,1
217,878,1
217,669,5
217,870,3
218,514,2
218,167,2
218,343,5
218,267,4
218,1039,1
218,734,5
218,1209,4
218,1298,2
218,151,1
218,1179,2
219,1070,3
219,885,3
219,233,3
219,127,2
219,1174,1
219,1232,1
219,1002,5
219,567,5
219,135,1
219,1001,4
220,318,4
220,1231,5
220,374,3
220,1307,4
220,888,3
220,25,2
220,119,1
220,9,3
220,1174,1
220,390,5
221,95,3
221,1295,3
221,221,2
221,1075,3
221,56,2
221,809,4
221,1363,5
221,855,5
221,11,3
221,1292,4
222,661,3
222,807,3
222,849,5
222,635,2
222,539,2
222,1262,4
222,513,3
222,1156,4
222,343,2
222,1177,3
223,607,1
223,566,5
223,871,4
223,470,2
223,1320,2
223,23,3
223,599,3
223,46,3
223,976,1
223,879,1
224,583,2
224,931,2
224,610,4
224,849,1
224,283,3
224,323,3
224,81,2
224,1227,2
224,437,4
224,1274,5
225,1343,2
225,1099,3
225,414,3
225,887,3
225,954,2
225,446,1
225,462,5
225,1182,4
225,442,3
225,787,5
226,1208,1
226,947,5
226,6,3
226,1265,5
226,953,4
226,1091,2
226,514,5
226,442,3
226,1144,2
226,61,2
227,44,4
227,772,4
227,870,2
227,977,4
227,874,1
227,43,3
227,75,2
227,719,2
227,1290,5
227,809,1
228,1321,2
228,1349,2
228,622,5
228,273,2
228,788,3
228,692,4
228,1317,3
228,963,3
228,820,5
228,475,1
229,456,3
229,1153,2
229,1003,4
229,526,4
229,285,5
229,763,1
229,475,5
229,258,2
229,1123,5
229,288,4
230,1088,3
230,680,4
230,852,3
230,1341,2
230,1157,3
230,115,2
230,151,5
230,1068,4
230,518,4
230,259,2
231,867,2
231,85,5
231,122,2
231,660,2
231,275,1
231,975,2
231,1012,3
231,406,5
231,858,5
231,67,3
232,541,2
232,1278,3
232,732,5
232,46,5
232,840,4
232,367,4
232,130,2
232,1250,5
232,691,1
232,1016,4
233,848,5
233,603,1
233,918,5
233,577,3
233,753,4
233,1082,3
233,58,1
233,468,1
233,137,4
233,1179,2
234,1194,1
234,1024,3
234,38,3
234,268,4
234,1058,3
234,891,4
234,256,2
234,1360,5
234,506,3
234,633,5
235,629,1
235,1044,1
235,723,3
235,1118,2
235,533,3
235,869,5
235,947,4
235,1149,3
235,84,4
235,434,1
236,1133,3
236,1227,5
236,1191,1
236,1138,2
236,127,5
236,1078,3
236,240,2
236,964,5
236,1194,4
236,1123,5
237,738,4
237,146,3
237,1000,2
237,829,4
237,849,4
237,258,2
237,453,4
237,402,4
237,120,1
237,667,1
238,663,1
238,988,5
238,1110,1
238,598,3
238,987,1
238,1237,1
238,1121,5
238,251,1
238,764,4
238,348,4
239,1261,5
239,1241,5
239,162,1
239,613,3
239,311,3
239,1212,1
239,647,5
239,1259,2
239,684,1
239,531,3
240,618,1
240,655,4
240,1203,4
240,437,4
240,692,1
240,246,3
240,722,3
240,610,5
240,845,3
240,34,4
241,799,4
241,1286,4
241,1251,5
241,1230,3
241,662,3
241,1013,2
241,499,4
241,1106,3
241,1064,5
241,963,5
242,1317,2
242,216,3
242,990,5
242,796,1
242,642,3
242,1350,3
242,317,1
242,1217,1
242,636,1
242,1080,4
243,808,4
243,841,1
243,702,5
243,1230,5
243,747,1
243,1204,2
243,771,5
243,521,2
243,1241,5
243,483,2
244,1318,5
244,123,2
244,756,5
244,623,5
244,190,3
244,746,5
244,1101,4
244,997,2
244,1321,2
244,681,5
245,392,3
245,208,1
245,80,4
245,691,1
245,1082,3
245,699,2
245,583,2
245,455,3
245,460,2
245,1131,2
246,665,1
246,1255,3
246,1299,2
246,232,3
246,1223,3
246,206,5
246,317,2
246,881,5
246,471,3
246,1114,1
247,1175,4
247,839,2
247,491,4
247,621,1
247,966,1
247,424,4
247,19,4
247,80,2
247,122,4
247,124,1
248,196,1
248,407,3
248,850,2
248,487,2
248,404,1
248,304,1
248,502,3
248,15,5
248,925,4
248,241,1
249,560,5
249,1256,2
249,208,2
249,1347,4
249,631,4
249,825,3
249,4,3
249,212,3
249,983,1
249,613,3
250,731,2
250,555,2
250,895,1
250,89,3
250,1146,1
250,49,1
250,967,2
250,886,2
250,695,5
250,1020,3
251,438,5
251,1193,4
251,936,4
251,1075,3
251,893,5
251,111,2
251,915,5
251,4,4
251,640,1
251,1206,3
252,861,2
252,875,5
252,40,5
252,1245,4
252,1098,2
252,680,1
252,1059,5
252,8,2
252,209,3
252,670,2
253,339,3
253,40,4
253,937,3
253,8,4
253,100,5
253,12,5
253,1057,5
253,277,5
253,568,4
253,145,1
254,72,4
254,759,5
254,1106,3
254,216,1
254,794,2
254,202,3
254,216,4
254,1317,2
254,1237,5
254,251,1
255,654,2
255,279,5
255,77,5
255,575,3
255,572,1
255,418,4
255,986,2
255,831,2
255,181,2
255,416,3
256,991,2
256,769,3
256,900,4
256,542,1
256,273,5
256,475,3
256,1050,2
256,546,5
256,401,5
256,227,3
257,202,3
257,1243,2
257,327,1
257,1286,2
257,29,1
257,1278,2
257,899,4
257,392,4
257,601,2
257,1060,1
258,289,3
258,25,2
258,1216,5
258,292,4
258,71,2
258,456,5
258,1292,5
258,160,5
258,476,1
258,209,1
259,878,5
259,238,3
259,1290,2
259,289,2
259,1019,5
259,149,1
259,1054,3
259,740,4
259,1033,2
259,757,5
260,910,2
260,136,1
260,300,4
260,792,3
260,676,3
260,360,4
260,403,3
260,931,1
260,1184,4
260,1321,1
261,363,2
261,722,1
261,450,3
261,1321,3
261,803,5
261,593,4
261,1297,2
261,1002,4
261,1344,2
261,1325,4
262,715,2
262,880,2
262,733,2
262,95,5
262,388,5
262,70,3
262,192,4
262,1285,2
262,366,2
262,519,5
263,44,1
263,721,4
263,171,1
263,663,2
263,402,3
263,285,2
263,166,3
263,330,2
263,1151,4
263,497,4
264,373,2
264,938,2
264,131,4
264,858,2
264,415,4
264,36,2
264,179,1
264,236,5
264,150,4
264,87,4
265,286,2
265,358,3
265,725,4
265,717,2
265,1316,2
265,177,3
265,358,2
265,982,2
265,1057,2
265,727,4
266,1176,4
266,1026,4
266,877,3
266,353,1
266,93,2
266,1147,4
266,304,2
266,608,2
266,59,3
266,936,5
267,1055,3
267,609,4
267,70,1
267,56,5
267,867,4
267,1213,4
267,1237,1
267,1352,5
267,787,3
267,738,1
268,890,2
268,49,3
268,1006,3
268,1095,4
268,168,2
268,1312,1
268,620,2
268,510,3
268,666,5
268,1201,4
269,971,2
269,298,1
269,976,2
269,125,4
269,196,5
269,730,5
269,245,4
269,53,4
269,41,2
269,1085,5
270,1250,4
270,246,3
270,274,3
270,1150,4
270,517,3
270,561,4
270,427,5
270,1150,3
270,624,1
270,358,3
271,1210,2
271,13,5
271,576,3
271,1167,1
271,415,4
271,1238,3
271,1347,2
271,1339,3
271,400,4
271,580,2
272,431,5
272,1007,3
272,1097,2
272,20,5
272,1089,4
272,786,3
272,382,3
272,1019,1
272,486,5
272,804,4
273,448,3
273,168,5
273,920,5
273,586,1
273,450,1
273,1220,2
273,232,5
273,706,4
273,64,2
273,269,2
274,1294,1
274,995,4
274,1192,2
274,1284,3
274,1282,4
274,561,1
274,25,5
274,1146,4
274,122,1
274,1243,3
275,1183,2
275,1200,3
275,66,2
275,1156,5
275,846,1
275,908,3
275,632,4
275,522,3
275,1074,2
275,1015,4
276,800,3
276,1334,1
276,548,3
276,206,2
276,298,4
276,983,2
276,799,3
276,319,5
276,480,2
276,105,1
277,517,2
277,364,5
277,472,4
277,631,4
277,1274,1
277,1239,2
277,1323,3
277,652,1
277,754,3
277,918,1
278,1051,5
278,1154,5
278,450,3
278,1252,3
278,748,5
278,931,5
278,303,4
278,937,1
278,426,3
278,1192,3
279,236,3
279,32,5
279,130,1
279,735,1
279,837,2
279,798,5
279,1108,4
279,1134,2
279,977,3
279,726,4
280,528,5
280,736,4
280,61,1
280,476,4
280,128,5
280,1236,3
280,847,1
280,339,2
280,34,4
280,707,2
281,420,5
281,1362,5
281,454,1
281,841,2
281,807,3
281,1208,4
281,1304,1
281,1120,5
281,1234,3
281,1098,1
282,934,4
282,456,1
282,532,4
282,1134,2
282,868,4
282,884,1
282,658,5
282,629,3
282,6,1
282,831,4
283,444,1
283,147,4
283,304,3
283,171,1
283,612,1
283,35,2
283,679,2
283,606,2
283,144,1
283,365,4
284,1351,5
284,537,3
284,1331,5
284,1135,2
284,88,5
284,534,4
284,1327,1
284,479,5
284,214,1
284,585,1
285,806,2
285,66,5
285,468,1
285,834,1
285,1261,3
285,845,5
285,140,5
285,787,1
285,755,4
285,817,1
286,1237,3
286,396,4
286,136,3
286,139,4
286,15,5
286,945,1
286,453,4
286,324,3
286,434,3
286,1065,4
287,320,2
287,532,3
287,843,5
287,404,5
287,1305,2
287,551,4
287,417,5
287,599,3
287,1230,3
287,966,5
288,919,3
288,18,1
288,979,3
288,66,1
288,241,3
288,214,3
288,1199,5
288,1092,4
288,211,2
288,1060,5
289,480,2
289,1051,3
289,763,2
289,1066,1
289,886,3
289,596,4
289,219,1
289,1261,5
289,1234,1
289,158,1
290,366,2
290,697,5
290,1141,3
290,364,5
290,1137,1
290,830,5
290,33,4
290,1091,5
290,145,3
290,101,3
291,1341,3
291,139,1
291,144,2
291,1051,4
291,653,5
291,1303,2
291,95,3
291,303,3
291,1101,5
291,772,3
292,745,3
292,1355,3
292,971,3
292,811,1
292,698,4
292,662,2
292,685,1
292,783,4
292,124,1
292,1354,5
293,1263,1
293,1094,4
293,299,1
293,1028,2
293,24,1
293,1212,1
293,233,5
293,1329,3
293,1018,3
293,168,2
294,280,1
294,1122,4
294,1197,3
294,311,4
294,606,5
294,1207,1
294,322,5
294,459,1
294,424,3
294,734,2
295,276,1
295,753,2
295,1101,5
295,499,1
295,1264,4
295,574,3
295,129,2
295,1167,5
295,306,5
295,820,3
296,1109,5
296,377,2
296,1249,4
296,924,5
296,936,2
296,879,3
296,121,4
296,1064,5
296,1354,1
296,522,1
297,1162,2
297,673,3
297,1292,1
297,560,3
297,1333,1
297,334,4
297,605,3
297,213,4
297,416,1
297,124,3
298,398,2
298,862,4
298,501,2
298,721,3
298,1193,3
298,858,3
298,744,3
298,1199,5
298,31,2
298,901,3
299,936,5
299,265,1
299,817,2
299,335,1
299,1337,4
299,756,4
299,1,4
299,358,5
299,824,4
299,1208,4
300,79,5
300,840,5
300,963,2
300,183,2
300,989,1
300,1153,2
300,460,1
300,1107,1
300,1355,1
300,1242,3
301,1077,4
301,938,1
301,1028,1
301,853,2
301,1063,3
301,1027,4
301,190,2
301,307,1
301,953,2
301,1135,4
302,841,5
302,824,3
302,380,5
302,453,4
302,674,5
302,427,1
302,1144,1
302,1210,3
302,318,5
302,273,4
303,1107,3
303,1052,1
303,733,1
303,721,5
303,1129,1
303,1162,1
303,333,5
303,317,4
303,1148,5
303,1357,4
304,995,3
304,400,4
304,155,1
304,703,3
304,809,2
304,110,5
304,819,4
304,80,5
304,327,4
304,1182,5
305,325,1
305,435,3
305,595,2
305,979,4
305,289,1
305,231,3
305,743,2
305,1246,3
305,263,2
305,76,2
306,733,3
306,857,3
306,892,5
306,457,2
306,1023,2
306,393,3
306,7,2
306,990,1
306,465,3
306,77,4
307,635,1
307,129,2
307,436,4
307,1151,2
307,331,1
307,1313,4
307,31,2
307,814,4
307,253,3
307,512,3
308,457,4
308,679,3
308,307,3
308,554,1
308,921,5
308,671,4
308,327,1
308,901,5
308,1110,2
308,300,4
309,40,4
309,1179,5
309,1199,5
309,197,4
309,1123,3
309,216,1
309,1246,4
309,688,4
309,725,3
309,1058,4
310,892,2
310,655,3
310,336,1
310,82,4
310,835,2
310,60,4
310,325,1
310,153,1
310,1112,1
310,870,5
311,1331,5
311,953,5
311,1279,5
311,51,2
311,606,4
311,672,2
311,849,5
311,140,4
311,291,2
311,550,1
312,716,3
312,1001,3
312,800,3
312,668,3
312,142,1
312,575,2
312,322,4
312,211,4
312,11,1
312,779,2
313,1085,4
313,1027,5
313,277,4
313,841,3
313,564,1
313,764,4
313,116,5
313,964,1
313,1253,1
313,650,4
314,496,4
314,66,4
314,1247,3
314,1218,4
314,296,5
314,1041,3
314,1257,3
314,663,5
314,1233,4
314,839,1
315,979,2
315,294,1
315,1110,1
315,360,2
315,1028,2
315,231,3
315,1026,1
315,515,5
315,1260,4
315,815,1
316,818,5
316,910,3
316,426,4
316,500,2
316,1128,2
316,1112,1
316,149,5
316,1021,1
316,25,5
316,555,5
317,1168,5
317,174,4
317,585,2
317,837,1
317,1165,3
317,1020,5
317,334,2
317,165,2
317,404,2
317,584,5
318,811,1
318,849,2
318,1063,5
318,359,1
318,390,4
318,75,4
318,1122,2
318,757,4
318,54,2
318,543,2
319,712,1
319,656,4
319,746,2
319,868,5
319,537,5
319,1019,1
319,626,5
319,722,5
319,480,1
319,493,5
320,738,1
320,390,2
320,26,3
320,1063,4
320,102,5
320,856,2
320,1291,4
320,986,2
320,569,5
320,551,3
321,1075,1
321,340,4
321,792,3
321,969,2
321,1168,1
321,128,5
321,392,4
321,1234,1
321,1055,2
321,716,1
322,826,5
322,1244,5
322,859,4
322,1339,5
322,278,3
322,236,5
322,227,2
322,339,2
322,799,4
322,416,3
323,1108,2
323,1289,4
323,669,1
323,1311,1
323,794,2
323,1220,5
323,302,4
323,1133,5
323,638,2
323,488,2
324,723,1
324,713,2
324,654,2
324,1284,4
324,83,1
324,656,5
324,754,2
324,291,2
324,1193,5
324,1292,2
325,202,3
325,564,4
325,865,1
325,128,1
325,734,5
325,933,1
325,765,5
325,426,5
325,580,5
325,370,3
326,750,4
326,718,3
326,1223,1
326,133,5
326,480,5
326,336,2
326,954,5
326,1313,2
326,315,1
326,1328,1
327,659,5
327,480,1
327,1055,4
327,467,4
327,105,2
327,762,4
327,255,5
327,180,5
327,216,5
327,762,3
328,148,3
328,652,4
328,691,4
328,25,3
328,360,3
328,727,1
328,86,5
328,385,3
328,716,2
328,348,4
329,444,5
329,304,1
329,1035,3
329,432,4
329,512,2
329,198,5
329,367,4
329,452,4
329,1120,2
329,347,5
330,230,1
330,718,1
330,1203,3
330,214,1
330,620,2
330,633,4
330,1088,1
330,648,2
330,1161,2
330,1001,1
331,1232,2
331,634,1
331,987,3
331,825,4
331,565,5
331,206,5
331,1261,1
331,1179,4
331,1034,1
331,850,5
332,905,3
332,693,2
332,853,5
332,749,1
332,1096,2
332,828,2
332,298,1
332,313,1
332,725,1
332,906,4
333,618,4
333,86,3
333,469,5
333,618,5
333,965,3
333,1281,1
333,332,3
333,410,3
333,756,4
333,970,3
334,1345,4
334,954,3
334,1357,1
334,207,4
334,1055,5
334,207,2
334,1293,2
334,903,1
334,1,3
334,247,4
335,743,5
335,193,4
335,754,1
335,972,3
335,1261,4
335,1072,5
335,936,5
335,266,5
335,1184,2
335,183,2
336,956,4
336,170,1
336,216,5
336,289,2
336,308,3
336,86,1
336,1227,2
336,2,3
336,1101,5
336,399,5
337,1049,1
337,722,3
337,1095,3
337,853,2
337,1013,2
337,788,3
337,719,2
337,19,5
337,1070,5
337,757,2
338,586,4
338,748,4
338,350,4
338,956,2
338,383,2
338,144,4
338,608,1
338,799,5
338,849,4
338,453,1
339,404,3
339,1277,4
339,442,4
339,1247,1
339,258,4
339,274,4
339,284,5
339,1125,4
339,506,5
339,1202,5
340,37,3
340,328,1
340,403,1
340,513,4
340,1213,5
340,438,3
340,1049,3
340,160,3
340,77,4
340,69,5
341,200,1
341,1216,3
341,1095,4
341,981,4
341,373,3
341,762,3
341,271,1
341,642,1
341,999,4
341,81,2
342,38,2
342,1284,4
342,184,5
342,466,4
342,1276,5
342,293,2
342,966,1
342,1000,4
342,565,5
342,1355,2
343,207,5
343,128,3
343,191,5
343,491,5
343,743,3
343,772,1
343,940,2
343,411,1
343,1027,2
343,585,2
344,1317,4
344,646,5
344,723,1
344,854,3
344,1295,3
344,151,1
344,702,3
344,852,5
344,342,4
344,1293,3
345,262,5
345,54,3
345,1329,4
345,548,4
345,484,5
345,1354,5
345,369,3
345,928,2
345,752,1
345,827,5
346,977,1
346,1346,4
346,1180,3
346,312,2
346,897,5
346,608,1
346,426,5
346,978,3
346,600,3
346,935,5
347,63,2
347,490,4
347,121,3
347,70,1
347,760,5
347,20,2
347,957,1
347,1277,1
347,784,3
347,785,1
348,908,1
348,589,5
348,914,2
348,1065,1
348,1330,1
348,290,4
348,17,3
348,240,3
348,1022,1
348,609,3
349,841,2
349,928,5
349,1012,3
349,1176,3
349,1299,4
349,925,5
349,453,4
349,483,2
349,640,4
349,990,3
350,1361,2
350,344,2
350,784,2
350,467,3
350,979,2
350,748,4
350,892,1
350,686,2
350,1313,2
350,180,3
351,901,2
351,114,1
351,1290,5
351,49,4
351,524,4
351,247,2
351,824,5
351,29,2
351,240,4
351,1160,3
352,737,5
352,1191,1
352,925,2
352,301,5
352,386,4
352,846,5
352,592,3
352,878,4
352,1129,4
352,234,1
353,115,3
353,718,2
353,1154,1
353,1280,2
353,854,5
353,1251,4
353,366,3
353,1325,5
353,1215,3
353,1001,4
354,1314,5
354,390,3
354,459,4
354,1239,2
354,343,2
354,1346,4
354,7,5
354,615,1
354,117,1
354,373,5
355,1028,5
355,1140,4
355,295,3
355,540,4
355,448,3
355,1202,2
355,479,1
355,161,1
355,1046,1
355,544,1
356,118,1
356,1231,3
356,705,1
356,995,2
356,732,4
356,983,3
356,287,2
356,142,5
356,1265,1
356,701,3
357,316,5
357,814,1
357,781,4
357,822,2
357,1359,3
357,216,3
357,905,4
357,1206,5
357,401,5
357,24,5
358,1108,1
358,615,4
358,869,4
358,182,1
358,19,4
358,427,2
358,1163,1
358,1127,1
358,713,2
358,1340,1
359,547,3
359,555,2
359,33,3
359,278,4
359,1046,4
359,154,2
359,50,1
359,807,2
359,524,4
359,757,2
360,959,1
360,514,2
360,224,4
360,89,5
360,1048,4
360,1204,2
360,741,5
360,674,5
360,1179,3
360,973,3
361,77,1
361,1187,1
361,737,5
361,794,3
361,847,3
361,1201,5
361,770,4
361,434,4
361,285,3
361,457,4
362,1171,2
362,401,4
362,621,2
362,783,1
362,502,2
362,883,5
362,1013,1
362,1347,2
362,1140,2
362,1324,1
363,759,2
363,669,4
363,117,5
363,570,1
363,661,2
363,247,5
363,1177,2
363,794,2
363,1101,2
363,971,1
364,1096,4
364,14,5
364,152,2
364,443,3
364,669,1
364,810,4
364,676,2
364,41,3
364,253,2
364,202,4
365,1137,4
365,5,3
365,1298,5
365,1105,1
365,1038,4
365,60,1
365,203,3
365,389,5
365,687,2
365,523,1
366,1148,2
366,765,2
366,1264,4
366,578,1
366,828,4
366,218,3
366,382,4
366,546,3
366,422,5
366,754,4
367,471,1
367,271,3
367,744,3
367,305,2
367,266,1
367,209,4
367,461,4
367,1053,3
367,290,1
367,379,2
368,173,4
368,986,1
368,77,5
368,335,4
368,1004,1
368,357,2
368,1219,5
368,1196,5
368,423,2
368,128,5
369,892,1
369,1097,4
369,366,4
369,779,2
369,65,5
369,306,3
369,293,3
369,100,1
369,904,2
369,804,4
370,1325,5
370,268,1
370,1176,3
370,1162,4
370,888,1
370,100,1
370,977,3
370,1112,4
370,993,3
370,78,3
371,525,4
371,1350,5
371,1325,5
371,1254,2
371,387,3
371,328,1
371,762,4
371,129,2
371,345,5
371,233,1
372,960,5
372,575,1
372,99,1
372,432,3
372,594,2
372,1247,2
372,1194,1
372,753,2
372,1235,5
372,589,3
373,1286,5
373,60,5
373,362,5
373,931,5
373,772,3
373,581,3
373,661,2
373,854,4
373,1233,3
373,568,2
374,516,5
374,25,2
374,404,1
374,514,3
374,633,1
374,793,1
374,1201,2
374,1307,4
374,1338,3
374,382,1
375,412,4
375,1198,4
375,266,2
375,1345,4
375,430,3
375,239,5
375,144,4
375,770,2
375,1159,2
375,812,5
376,1186,3
376,1274,3
376,300,3
376,749,5
376,108,2
376,509,1
376,165,3
376,6,1
376,283,2
376,743,5
377,871,2
377,203,3
377,768,5
377,665,5
377,741,4
377,715,2
377,471,2
377,966,4
377,1363,5
377,1204,3
378,580,5
378,608,4
378,319,1
378,450,4
378,309,1
378,57,5
378,922,5
378,42,2
378,1004,3
378,544,2
379,1125,2
379,1257,3
379,154,2
379,167,3
379,232,2
379,949,4
379,1122,2
379,550,3
379,1114,2
379,1071,2
380,830,1
380,1175,1
380,1304,4
380,648,1
380,1110,4
380,124,3
380,896,5
380,1077,3
380,278,4
380,1298,3
381,1096,2
381,262,2
381,505,4
381,642,5
381,919,3
381,611,2
381,602,5
381,340,4
381,1096,3
381,1196,4
382,576,2
382,632,1
382,583,4
382,539,3
382,621,3
382,137,4
382,710,5
382,634,5
382,745,1
382,832,5
383,242,5
383,1114,4
383,775,2
383,192,4
383,1097,3
383,1276,1
383,579,5
383,599,5
383,1309,3
383,1084,2
384,528,2
384,407,1
384,351,3
384,833,1
384,1320,5
384,755,3
384,547,5
384,495,3
384,481,1
384,300,1
385,324,2
385,771,2
385,266,4
385,332,3
385,1,5
385,484,1
385,25,5
385,1114,5
385,662,2
385,101,4
386,23,4
386,493,4
386,602,4
386,269,2
386,41,4
386,116,2
386,140,1
386,170,4
386,1197,3
386,1139,2
387,33,1
387,832,3
387,914,2
387,712,2
387,385,3
387,587,3
387,756,2
387,1320,1
387,1056,3
387,313,2
388,910,4
388,465,4
388,83,5
388,544,1
388,435,5
388,499,4
388,46,2
388,148,5
388,413,1
388,922,3
389,1243,5
389,497,1
389,550,1
389,910,1
389,1064,3
389,813,5
389,1041,2
389,1105,2
389,1163,4
389,682,5
390,258,4
390,66,4
390,710,3
390,1117,4
390,1301,5
390,917,4
390,1267,2
390,739,5
390,1150,2
390,1250,1
391,927,5
391,755,5
391,978,2
391,142,5
391,640,3
391,1346,1
391,1217,2
391,497,4
391,274,2
391,272,2
392,104,4
392,932,5
392,107,1
392,336,1
392,1321,5
392,504,1
392,756,4
392,1106,2
392,724,1
392,1031,3
393,935,4
393,90,3
393,1157,4
393,627,3
393,725,1
393,370,5
393,70,2
393,1343,2
393,169,4
393,1053,3
394,522,2
394,939,1
394,413,2
394,543,3
394,556,2
394,78,4
394,986,5
394,506,5
394,1020,3
394,591,2
395,783,1
395,231,4
395,861,2
395,1147,3
395,141,3
395,956,3
395,496,4
395,239,2
395,760,3
395,456,3
396,9,2
396,1214,2
396,71,5
396,550,2
396,229,4
396,951,3
396,1154,1
396,314,2
396,414,4
396,1002,2
397,651,1
397,1256,5
397,480,4
397,706,3
397,587,3
397,810,4
397,1294,4
397,495,2
397,577,1
397,972,4
398,321,5
398,1139,2
398,1269,4
398,1319,3
398,371,3
398,472,2
398,738,5
398,1334,2
398,350,4
398,1339,5
399,1192,1
399,752,1
399,350,2
399,666,5
399,309,4
399,1044,1
399,259,4
399,762,5
399,113,5
399,124,1
400,182,3
400,907,3
400,795,5
400,1005,2
400,169,2
400,991,3
400,686,5
400,886,3
400,941,1
400,758,5
401,998,1
401,411,3
401,1030,2
401,437,1
401,245,5
401,384,1
401,470,4
401,402,5
401,209,3
401,291,4
402,312,3
402,1048,3
402,1313,2
402,885,4
402,894,5
402,347,2
402,1045,2
402,459,3
402,494,2
402,313,5
403,522,4
403,272,5
403,1042,4
403,100,4
403,531,4
403,494,1
403,233,3
403,13,4
403,661,2
403,554,4
404,1334,5
404,311,1
404,100,3
404,1308,2
404,1100,5
404,281,4
404,612,4
404,227,5
404,830,5
404,546,5
405,1103,3
405,352,3
405,931,1
405,528,4
405,486,4
405,858,1
405,1083,4
405,358,2
405,713,4
405,499,5
406,248,5
406,194,5
406,364,3
406,664,1
406,311,4
406,318,3
406,543,1
406,360,5
406,1071,4
406,655,1
407,765,3
407,828,5
407,1032,5
407,194,5
407,22,4
407,117,5
407,515,5
407,304,5
407,711,4
407,1309,4
408,600,1
408,726,2
408,153,1
408,1145,1
408,347,5
408,1199,3
408,634,1
408,1266,5
408,1340,4
408,44,5
409,80,2
409,23,1
409,608,2
409,163,5
409,822,3
409,727,1
409,693,3
409,1079,1
409,716,4
409,1098,4
410,886,1
410,1213,4
410,866,4
410,391,3
410,1000,2
410,968,1
410,438,3
410,1224,5
410,891,2
410,873,3
411,410,2
411,114,5
411,9,1
411,757,5
411,81,4
411,128,3
411,812,3
411,1265,4
411,19,3
411,263,4
412,1068,3
412,904,2
412,871,2
412,1147,3
412,406,2
412,649,2
412,949,5
412,706,3
412,612,5
412,979,4
413,23,2
413,47,2
413,467,2
413,173,5
413,352,1
413,779,1
413,566,4
413,1338,4
413,542,3
413,761,5
414,843,4
414,227,1
414,1052,3
414,106,5
414,267,1
414,723,2
414,2,2
414,765,5
414,934,3
414,1316,1
415,769,2
415,512,1
415,612,2
415,290,2
415,791,5
415,568,3
415,425,4
415,840,5
415,1277,2
415,1124,5
416,1227,1
416,740,4
416,236,1
416,1129,2
416,167,3
416,685,3
416,738,2
416,1242,1
416,181,1
416,68,5
417,312,2
417,593,3
417,1306,1
417,662,5
417,1309,3
417,791,1
417,232,5
417,101,4
417,669,1
417,1104,1
418,91,1
418,467,5
418,1191,4
418,286,4
418,701,4
418,26,4
418,431,5
418,1063,5
418,103,1
418,631,4
419,997,3
419,963,2
419,952,4
419,313,2
419,362,5
419,49,1
419,767,1
419,1189,2
419,1209,2
419,616,5
420,488,2
420,1187,2
420,74,1
420,428,4
420,562,1
420,662,3
420,66,3
420,706,3
420,821,5
420,540,5
421,984,2
421,1301,2
421,572,4
421,855,5
421,478,4
421,959,5
421,550,3
421,948,3
421,116,1
421,1048,1
422,275,1
422,1271,1
422,308,2
422,730,5
422,972,5
422,706,4
422,645,4
422,220,1
422,551,1
422,591,1
423,493,2
423,118,3
423,451,5
423,569,2
423,1228,4
423,104,2
423,761,2
423,290,4
423,812,2
423,677,5
424,493,3
424,183,1
424,749,4
424,488,5
424,1115,5
424,280,5
424,113,2
424,476,4
424,768,4
424,1040,4
425,1275,3
425,129,1
425,439,4
425,1341,1
425,934,4
425,84,1
425,289,3
425,235,2
425,701,5
425,29,5
426,45,3
426,791,5
426,68,3
426,1293,2
426,589,4
426,400,4
426,216,2
426,1141,5
426,1166,4
426,478,3
427,684,4
427,1111,1
427,678,2
427,591,3
427,889,5
427,210,3
427,545,2
427,37,3
427,707,3
427,805,1
428,492,2
428,1053,5
428,866,5
428,727,5
428,622,1
428,1009,5
428,294,2
428,1046,4
428,609,5
428,153,2
429,808,2
429,1264,4
429,1177,3
429,404,5
429,1091,4
429,238,3
429,1090,2
429,1176,3
429,783,2
429,11,3
430,1270,1
430,646,1
430,531,4
430,154,1
430,800,1
430,1257,4
430,1013,4
430,1228,2
430,32,5
430,355,5
431,875,3
431,296,4
431,434,4
431,571,2
431,471,3
431,770,2
431,1333,2
431,59,4
431,1125,4
431,910,3
432,92,1
432,1010,3
432,503,5
432,1127,5
432,610,3
432,1240,1
432,706,4
432,1205,4
432,585,4
432,1329,5
433,484,1
433,1247,1
433,1143,4
433,888,1
433,956,1
433,291,5
433,244,1
433,1304,5
433,265,1
433,473,3
434,843,5
434,1073,4
434,46,5
434,696,2
434,32,1
434,882,3
434,483,3
434,413,2
434,354,2
434,1256,4
435,473,1
435,682,1
435,875,5
435,679,5
435,514,3
435,224,3
435,1225,1
435,46,4
435,1114,5
435,843,1
436,1145,1
436,47,4
436,877,2
436,1158,2
436,1235,2
436,471,5
436,1104,4
436,53,5
436,1240,2
436,535,4
437,585,1
437,377,4
437,1216,5
437,977,4
437,1053,5
437,764,2
437,612,4
437,959,4
437,774,4
437,1256,2
438,1068,3
438,454,5
438,808,4
438,1168,2
438,492,5
438,1208,4
438,469,2
438,1101,2
438,425,1
438,1315,2
439,436,3
439,878,2
439,133,2
439,408,4
439,1215,1
439,751,2
439,7,2
439,1018,5
439,546,4
439,519,4
440,165,2
440,774,2
440,442,5
440,58,2
440,1016,3
440,441,1
440,220,5
440,494,3
440,1275,2
440,1275,5
441,181,4
441,309,5
441,978,1
441,1012,4
441,77,3
441,662,2
441,704,4
441,601,2
441,78,1
441,832,3
442,894,4
442,1178,5
442,1213,5
442,223,2
442,980,5
442,1297,2
442,897,1
442,799,1
442,58,2
442,214,5
443,1235,3
443,534,3
443,69,2
443,422,5
443,194,5
443,214,5
443,420,4
443,1114,2
443,826,2
443,452,5
444,440,4
444,562,4
444,660,5
444,368,3
444,37,3
444,142,2
444,696,3
444,326,2
444,360,5
444,728,3
445,800,5
445,451,4
445,352,4
445,1248,2
445,540,3
445,652,2
445,241,5
445,658,1
445,1213,1
445,967,2
446,283,3
446,997,1
446,763,3
446,890,5
446,220,5
446,418,1
446,653,2
446,916,5
446,1063,5
446,248,4
447,510,1
447,99,5
447,1253,3
447,543,1
447,106,5
447,911,4
447,979,4
447,105,5
447,245,5
447,677,4
448,697,2
448,85,5
448,90,4
448,885,5
448,1250,3
448,1036,3
448,539,1
448,1181,3
448,1043,5
448,1326,2
449,304,5
449,282,5
449,115,3
449,889,4
449,1230,4
449,1345,1
449,1191,3
449,361,4
449,681,5
449,448,4
450,844,3
450,218,4
450,1173,1
450,888,2
450,1277,4
450,542,5
450,983,5
450,16,3
450,871,5
450,244,2
451,1151,4
451,340,3
451,88,4
451,218,1
451,283,3
451,608,4
451,82,1
451,658,4
451,470,1
451,895,2
452,1279,4
452,1100,4
452,163,4
452,1073,2
452,48,2
452,77,3
452,429,2
452,744,2
452,1342,3
452,1208,4
453,1318,5
453,1065,3
453,1228,3
453,660,1
453,423,1
453,1068,4
453,448,5
453,457,5
453,894,1
453,822,4
454,512,2
454,905,5
454,1224,5
454,1033,2
454,702,2
454,597,2
454,815,4
454,734,3
454,1271,5
454,442,2
455,1231,2
455,91,3
455,1322,5
455,88,3
455,1158,2
455,977,2
455,825,3
455,960,2
455,901,3
455,286,3
456,752,2
456,822,1
456,875,5
456,1289,4
456,140,3
456,93,2
456,185,2
456,1192,3
456,1199,1
456,938,5
457,210,5
457,430,1
457,919,5
457,848,5
457,391,5
457,652,3
457,952,3
457,877,2
457,124,5
457,614,4
458,1326,5
458,1088,5
458,1301,4
458,1204,4
458,134,3
458,1263,1
458,103,5
458,1162,2
458,292,2
458,276,3
459,610,3
459,16,1
459,779,3
459,126,2
459,871,4
459,117,5
459,668,2
459,663,1
459,255,4
459,970,2
460,1086,2
460,1046,3
460,90,4
460,339,4
460,308,3
460,1112,4
460,847,1
460,1222,2
460,1202,2
460,653,5
461,56,1
461,48,4
461,652,2
461,724,1
461,1349,3
461,320,5
461,1138,3
461,1289,4
461,1133,1
461,1000,5
462,179,4
462,610,2
462,428,5
462,757,5
462,81,4
462,412,4
462,1035,3
462,432,4
462,232,4
462,736,3
463,574,4
463,394,5
463,946,1
463,935,3
463,176,5
463,1081,4
463,843,4
463,788,1
463,757,5
463,926,5
464,738,5
464,198,4
464,721,3
464,985,4
464,797,1
464,111,4
464,507,5
464,27,3
464,642,1
464,552,1
465,85,5
465,623,4
465,1176,4
465,852,1
465,1178,4
465,1082,5
465,1277,4
465,726,2
465,1020,1
465,684,5
466,1013,4
466,1360,1
466,227,5
466,435,2
466,1127,3
466,714,1
466,403,2
466,1084,4
466,1070,1
466,473,4
467,1138,3
467,243,1
467,1233,2
467,547,3
467,973,2
467,857,3
467,1114,4
467,1213,5
467,1192,1
467,135,4
468,838,1
468,832,4
468,716,3
468,457,2
468,213,5
468,51,5
468,225,1
468,1301,4
468,428,3
468,492,3
469,1165,2
469,884,5
469,58,4
469,616,5
469,1176,1
469,893,1
469,36,3
469,525,3
469,1182,1
469,1083,5
470,827,2
470,705,3
470,789,4
470,178,4
470,958,4
470,253,3
470,483,5
470,527,5
470,324,4
470,335,5
471,284,1
471,1126,3
471,1057,4
471,831,5
471,662,1
471,184,4
471,1332,1
471,555,3
471,103,1
471,268,4
472,953,3
472,1226,3
472,668,2
472,1077,5
472,518,2
472,1048,3
472,1167,5
472,346,4
472,1318,2
472,852,3
473,3,5
473,1348,4
473,1008,1
473,371,1
473,1116,5
473,856,1
473,1001,4
473,1343,4
473,1276,1
473,1009,5
474,199,3
474,1320,3
474,650,3
474,724,2
474,1332,5
474,972,5
474,226,1
474,547,5
474,250,2
474,440,3
475,1312,2
475,1036,1
475,335,4
475,222,2
475,629,5
475,547,3
475,1363,3
475,628,3
475,85,5
475,137,1
476,660,1
476,16,1
476,493,2
476,751,5
476,294,1
476,597,2
476,482,3
476,530,1
476,864,5
476,51,3
477,469,5
477,354,2
477,614,3
477,162,1
477,543,2
477,459,1
477,539,5
477,1002,2
477,1256,3
477,306,4
478,499,1
478,1094,4
478,1155,5
478,650,4
478,1295,4
478,73,4
478,1303,3
478,910,4
478,933,4
478,468,3
479,134,3
479,51,2
479,784,4
479,567,1
479,1099,5
479,721,4
479,1248,1
479,182,4
479,791,3
479,104,3
480,287,5
480,1005,3
480,137,3
480,381,1
480,272,5
480,1093,1
480,160,2
480,149,4
480,940,2
480,1344,3
481,309,1
481,500,2
481,428,4
481,763,2
481,617,1
481,570,1
481,867,5
481,1079,3
481,235,4
481,777,1
482,627,4
482,1138,5
482,1084,1
482,767,5
482,433,2
482,988,4
482,162,3
482,642,1
482,523,1
482,312,1
483,792,5
483,52,1
483,1075,4
483,281,5
483,1238,1
483,1314,3
483,686,3
483,225,2
483,712,2
483,133,1
484,827,1
484,1222,1
484,1108,4
484,583,5
484,953,5
484,925,2
484,855,2
484,196,2
484,1164,2
484,552,5
485,948,3
485,555,5
485,517,4
485,281,2
485,135,3
485,919,5
485,901,1
485,963,3
485,1028,5
485,1142,5
486,1167,4
486,804,3
486,129,5
486,1119,5
486,1111,4
486,1105,4
486,221,5
486,652,5
486,1255,3
486,462,3
487,417,5
487,813,2
487,956,2
487,889,5
487,774,3
487,620,2
487,1024,3
487,339,5
487,1121,1
487,418,4
488,1204,4
488,833,5
488,32,4
488,567,5
488,431,1
488,745,1
488,331,2
488,274,3
488,1310,1
488,604,1
489,405,5
489,140,3
489,646,1
489,387,1
489,304,4
489,954,1
489,1109,3
489,638,5
489,729,2
489,1308,5
490,895,2
490,979,2
490,323,5
490,463,4
490,48,3
490,1093,3
490,1345,2
490,1065,2
490,259,4
490,243,2
491,606,5
491,1113,2
491,276,4
491,262,1
491,87,5
491,176,5
491,374,2
491,952,3
491,304,3
491,1037,4
492,743,4
492,588,1
492,54,1
492,567,4
492,1189,1
492,89,4
492,975,4
492,414,2
492,484,3
492,161,3
493,576,3
493,201,4
493,896,2
493,771,4
493,1305,1
493,67,5
493,1258,1
493,709,4
493,1134,3
493,514,5
494,139,1
494,117,5
494,503,4
494,124,3
494,610,4
494,1304,3
494,270,5
494,1110,1
494,677,4
494,856,1
495,57,2
495,849,4
495,726,5
495,1009,5
495,36,4
495,588,1
495,461,5
495,256,5
495,1355,3
495,923,1
496,128,5
496,807,4
496,207,1
496,613,1
496,321,3
496,197,2
496,507,5
496,346,3
496,886,1
496,366,5
497,959,5
497,598,3
497,814,1
497,1275,5
497,643,3
497,953,5
497,841,2
497,134,1
497,394,5
497,359,1
498,607,1
498,585,5
498,370,5
498,83,1
498,1009,3
498,46,5
498,1187,3
498,1264,1
498,296,4
498,589,5
499,186,5
499,911,2
499,506,4
499,1031,5
499,417,3
499,880,4
499,1079,3
499,1256,2
499,1235,4
499,812,1
500,1300,2
500,484,5
500,1084,1
500,447,4
500,150,3
500,307,5
500,287,3
500,284,1
500,875,2
500,102,2
501,464,5
501,454,5
501,615,1
501,695,2
501,884,1
501,736,4
501,1069,2
501,184,5
501,521,1
501,1096,4
502,880,3
502,1259,2
502,1227,1
502,110,5
502,183,3
502,395,1
502,249,5
502,1194,1
502,1350,2
502,626,2
503,1051,4
503,977,4
503,324,3
503,134,1
503,786,3
503,879,2
503,41,1
503,1177,2
503,1277,1
503,883,1
504,1164,1
504,177,4
504,1268,4
504,781,4
504,1105,3
504,730,2
504,196,1
504,872,1
504,739,3
504,1009,5
505,1049,1
505,1361,3
505,49,5
505,340,2
505,669,5
505,593,4
505,568,3
505,875,5
505,595,5
505,320,4
506,743,3
506,199,2
506,390,2
506,415,2
506,977,2
506,993,1
506,1060,1
506,975,3
506,1202,1
506,298,1
507,698,1
507,898,3
507,485,1
507,579,1
507,1181,1
507,372,4
507,534,4
507,139,2
507,1017,4
507,571,1
508,1149,2
508,5,5
508,644,5
508,115,5
508,328,1
508,1180,4
508,240,3
508,1112,2
508,325,5
508,120,5
509,1301,4
509,367,1
509,1088,1
509,1270,5
509,27,4
509,1306,1
509,1254,2
509,88,3
509,312,3
509,664,4
510,1232,3
510,176,4
510,221,2
510,1329,4
510,135,2
510,1314,4
510,947,1
510,830,1
510,521,3
510,685,3
511,323,1
511,361,5
511,489,4
511,230,4
511,764,2
511,5,3
511,1250,5
511,1102,1
511,55,1
511,966,5
512,786,1
512,1044,4
512,376,1
512,976,4
512,723,4
512,767,2
512,450,3
512,621,3
512,1346,3
512,1220,3
513,175,1
513,177,5
513,261,1
513,693,1
513,114,2
513,1363,3
513,691,4
513,297,2
513,1097,2
513,256,5
514,633,3
514,1020,4
514,567,3
514,910,5
514,283,5
514,987,5
514,1203,5
514,580,2
514,135,2
514,410,4
515,452,1
515,793,1
515,1145,2
515,830,4
515,148,3
515,542,1
515,525,1
515,385,4
515,475,4
515,212,1
516,1199,1
516,275,2
516,1229,5
516,1206,5
516,1041,5
516,641,1
516,1042,4
516,454,3
516,500,2
516,733,3
517,269,5
517,1280,4
517,6,3
517,417,3
517,1047,2
517,91,4
517,1249,2
517,870,4
517,1285,5
517,988,1
518,81,4
518,881,4
518,1152,3
518,59,4
518,312,5
518,200,4
518,970,1
518,517,2
518,272,1
518,1353,3
519,621,1
519,1072,3
519,1021,2
519,392,4
519,995,1
519,1008,5
519,273,3
519,816,5
519,939,1
519,533,1
520,722,5
520,1297,1
520,1169,4
520,817,5
520,1037,3
520,1229,3
520,334,5
520,779,1
520,1088,2
520,1014,2
521,796,1
521,805,3
521,1045,3
521,650,4
521,139,3
521,1316,5
521,1247,4
521,230,1
521,454,1
521,1047,5
522,898,2
522,844,3
522,246,3
522,1113,4
522,650,2
522,817,5
522,1060,3
522,141,5
522,235,5
522,984,5
523,1199,1
523,1119,5
523,528,4
523,645,1
523,712,2
523,926,5
523,998,3
523,601,1
523,425,3
523,1070,3
524,1078,1
524,326,3
524,1054,4
524,1146,3
524,1205,3
524,113,5
524,1276,2
524,259,2
524,1221,1
524,89,3
525,1160,5
525,1078,2
525,87,2
525,969,3
525,82,5
525,706,2
525,1316,1
525,532,4
525,1209,4
525,1202,3
526,225,5
526,848,1
526,96,5
526,839,4
526,382,3
526,737,3
526,948,5
526,1252,5
526,964,3
526,259,1
527,185,2
527,758,2
527,391,4
527,1288,1
527,1230,5
527,483,2
527,437,4
527,113,2
527,839,1
527,88,4
528,1054,4
528,584,5
528,5,1
528,15,4
528,261,2
528,348,1
528,1256,5
528,443,3
528,957,4
528,965,3
529,124,4
529,251,4
529,394,1
529,1034,3
529,242,1
529,1115,1
529,513,2
529,1216,2
529,1240,2
529,1336,5
530,1,4
530,409,3
530,539,2
530,409,4
530,817,2
530,236,5
530,1268,4
530,1079,5
530,377,2
530,1103,5
531,1000,4
531,917,2
531,438,2
531,109,4
531,1168,1
531,1161,2
531,260,4
531,1295,3
531,1086,2
531,304,1
532,773,3
532,45,5
532,596,5
532,825,3
532,581,1
532,47,5
532,367,2
532,908,1
532,1082,4
532,507,2
533,334,5
533,1124,1
533,716,1
533,479,1
533,796,3
533,1062,1
533,623,5
533,867,3
533,1347,3
533,976,1
534,713,2
534,757,2
534,356,4
534,844,4
534,24,1
534,546,5
534,819,4
534,735,4
534,470,3
534,1094,5
535,958,5
535,536,1
535,129,1
535,516,2
535,556,3
535,400,1
535,124,4
535,1242,5
535,331,3
535,1115,1
536,387,3
536,432,4
536,1159,4
536,401,4
536,725,4
536,1057,4
536,73,5
536,674,2
536,667,1
536,1196,5
537,826,3
537,415,5
537,119,4
537,874,5
537,165,4
537,968,4
537,179,2
537,931,3
537,1312,3
537,1181,5
538,653,3
538,208,3
538,229,3
538,378,5
538,1282,1
538,1212,4
538,985,1
538,385,4
538,482,3
538,259,1
539,1313,5
539,1058,2
539,1181,3
539,949,5
539,79,5
539,681,2
539,724,5
539,1011,4
539,315,3
539,943,5
540,1165,2
540,820,5
540,395,5
540,286,3
540,478,3
540,290,3
540,844,3
540,1122,4
540,273,5
540,708,4
541,927,2
541,30,4
541,167,5
541,284,2
541,152,3
541,1310,3
541,467,5
541,1060,1
541,165,2
541,911,3
542,999,3
542,977,2
542,1298,1
542,111,2
542,827,1
542,870,5
542,313,5
542,310,2
542,541,1
542,606,3
543,935,3
543,486,1
543,495,4
543,233,2
543,261,5
543,385,4
543,556,4
543,422,3
543,32,3
543,603,1
544,654,1
544,382,4
544,1307,2
544,1047,2
544,489,5
544,912,4
544,1090,3
544,1281,1
544,275,4
544,670,5
545,454,5
545,248,1
545,52,1
545,731,4
545,550,1
545,965,3
545,1076,5
545,25,5
545,729,4
545,581,5
546,798,3
546,122,2
546,387,1
546,276,5
546,685,3
546,1288,5
546,943,5
546,1021,2
546,645,1
546,1101,2
547,1316,4
547,1017,3
547,170,2
547,135,5
547,649,4
547,483,3
547,667,2
547,891,3
547,1048,2
547,848,2
548,75,4
548,1133,4
548,439,4
548,570,4
548,1065,4
548,1000,5
548,64,1
548,187,4
548,1333,4
548,1090,5
549,922,1
549,571,5
549,1240,2
549,1127,5
549,1037,5
549,306,2
549,1281,5
549,84,2
549,3,1
549,637,4
550,281,1
550,844,5
550,1263,1
550,1047,2
550,171,2
550,1344,5
550,605,1
550,93,5
550,191,4
550,739,5
551,1081,3
551,1154,1
551,966,2
551,1034,2
551,496,4
551,1031,1
551,245,2
551,234,5
551,746,1
551,1145,5
552,1144,4
552,991,4
552,1316,2
552,1268,4
552,461,2
552,968,2
552,426,1
552,857,1
552,615,1
552,685,5
553,307,2
553,655,4
553,356,1
553,1083,2
553,876,1
553,1172,1
553,1273,1
553,779,1
553,1201,4
553,1222,5
554,298,3
554,338,3
554,610,1
554,624,4
554,1116,5
554,174,1
554,1335,2
554,256,3
554,100,4
554,802,4
555,668,5
555,45,1
555,866,4
555,1165,1
555,1135,1
555,356,5
555,1306,4
555,860,5
555,107,5
555,671,3
556,15,2
556,841,3
556,803,1
556,829,3
556,285,2
556,339,1
556,997,1
556,1234,5
556,409,3
556,695,3
557,234,2
557,941,5
557,1247,5
557,880,2
557,1350,5
557,139,5
557,59,2
557,57,4
557,1122,2
557,1036,1
558,801,3
558,797,3
558,820,4
558,35,4
558,111,3
558,805,5
558,712,4
558,320,4
558,277,5
558,402,1
559,1087,3
559,1096,5
559,1294,3
559,1190,2
559,537,4
559,1205,4
559,155,3
559,766,1
559,54,1
559,227,1
560,1308,3
560,1104,5
560,980,3
560,1303,5
560,100,2
560,428,4
560,1309,1
560,1309,2
560,963,3
560,238,5
561,285,1
561,108,3
561,493,5
561,502,2
561,452,5
561,396,2
561,1350,4
561,994,1
561,243,1
561,1323,3
562,301,1
562,630,3
562,1051,4
562,766,1
562,584,3
562,131,5
562,303,4
562,129,4
562,692,2
562,1312,4
563,836,1
563,1283,5
563,311,1
563,777,1
563,519,3
563,710,5
563,79,2
563,1205,2
563,1338,4
563,510,2
564,1269,4
564,884,4
564,397,2
564,658,4
564,93,5
564,741,3
564,331,5
564,131,4
564,390,4
564,1334,1
565,1243,2
565,688,2
565,69,1
565,648,2
565,258,1
565,1277,2
565,171,4
565,139,3
565,193,2
565,546,4
566,267,2
566,1326,3
566,939,1
566,786,5
566,497,5
566,930,5
566,341,1
566,418,3
566,801,5
566,787,3
567,739,5
567,268,2
567,106,1
567,544,4
567,1333,1
567,100,3
567,1124,4
567,803,1
567,278,2
567,958,3
568,879,2
568,1135,3
568,1142,2
568,338,4
568,15,3
568,1352,5
568,796,3
568,896,3
568,1345,2
568,1152,4
569,240,5
569,416,2
569,628,4
569,1289,5
569,797,1
569,292,2
569,1093,4
569,854,5
569,867,3
569,634,4
570,1305,4
570,435,3
570,487,1
570,445,5
570,383,3
570,658,2
570,313,1
570,1092,2
570,1091,1
570,330,5
571,1101,4
571,1076,5
571,619,3
571,1015,1
571,675,4
571,650,5
571,996,3
571,684,3
571,996,1
571,732,2
572,205,2
572,398,1
572,782,4
572,216,3
572,5,4
572,601,5
572,1047,3
572,805,5
572,1234,1
572,136,1
573,504,1
573,453,5
573,344,2
573,682,3
573,70,2
573,893,5
573,1270,4
573,1031,5
573,287,4
573,390,4
574,60,2
574,1336,2
574,983,1
574,521,1
574,546,3
574,314,5
574,102,4
574,1345,3
574,701,5
574,36,5
575,1155,2
575,377,5
575,1074,2
575,986,2
575,748,2
575,113,2
575,279,4
575,46,5
575,1261,5
575,837,4
576,1028,4
576,1287,1
576,554,2
576,1012,4
576,56,3
576,769,2
576,1048,3
576,1143,4
576,681,5
576,970,1
577,888,4
577,215,5
577,471,2
577,503,3
577,25,3
577,689,5
577,576,2
577,305,2
577,897,3
577,1164,5
578,477,3
578,187,3
578,456,2
578,961,1
578,1093,1
578,913,1
578,1006,5
578,330,4
578,387,4
578,972,2
579,1133,4
579,1,1
579,1084,2
579,889,1
579,1209,3
579,8,3
579,453,2
579,823,5
579,1037,5
579,471,2
580,1125,4
580,1006,5
580,307,3
580,1023,2
580,563,5
580,289,3
580,1283,5
580,968,5
580,162,3
580,534,3
581,1305,5
581,46,3
581,379,1
581,235,3
581,58,2
581,861,4
581,938,1
581,138,3
581,534,5
581,883,1
582,163,5
582,796,3
582,1188,2
582,7,3
582,205,3
582,589,4
582,179,5
582,674,4
582,628,4
582,1024,2
583,904,1
583,1201,1
583,769,2
583,22,5
583,848,4
583,1084,5
583,430,3
583,202,4
583,1211,1
583,535,5
584,1277,1
584,230,2
584,152,3
584,595,3
584,974,5
584,478,3
584,1216,5
584,621,2
584,930,5
584,626,2
585,572,5
585,65,1
585,1363,4
585,265,3
585,360,2
585,1203,1
585,311,2
585,324,5
585,1225,4
585,1120,5
586,671,2
586,720,5
586,535,3
586,638,1
586,540,4
586,140,2
586,1346,5
586,676,4
586,798,5
586,1353,2
587,1231,2
587,680,2
587,1293,3
587,872,5
587,320,5
587,345,3
587,658,4
587,970,1
587,252,5
587,866,1
588,1088,5
588,1051,3
588,421,4
588,476,1
588,190,2
588,608,2
588,364,4
588,167,5
588,194,1
588,1345,1
589,810,4
589,90,1
589,478,1
589,355,5
589,1202,2
589,806,4
589,1255,3
589,1166,3
589,864,3
589,26,5
590,1104,5
590,87,5
590,312,5
590,920,2
590,1051,1
590,1001,4
590,981,2
590,701,3
590,745,3
590,847,2
591,357,1
591,251,2
591,1085,4
591,1015,1
591,322,1
591,488,3
591,705,2
591,632,5
591,1259,5
591,152,4
592,1332,5
592,896,4
592,71,5
592,138,4
592,63,5
592,1226,1
592,1219,2
592,410,4
592,7,4
592,1035,1
593,774,5
593,1198,1
593,395,3
593,661,2
593,188,2
593,397,4
593,961,3
593,986,3
593,132,3
593,37,2
594,1035,3
594,1060,4
594,884,1
594,747,4
594,1241,2
594,877,2
594,390,3
594,11,1
594,426,3
594,665,5
595,1094,2
595,361,2
595,280,5
595,629,2
595,532,4
595,1318,1
595,1084,1
595,768,3
595,957,4
595,323,1
596,440,5
596,1275,5
596,1097,2
596,848,3
596,536,2
596,642,1
596,1113,2
596,627,1
596,173,5
596,415,2
597,616,1
597,1206,1
597,843,1
597,1111,2
597,1334,5
597,241,4
597,687,1
597,1225,1
597,18,3
597,1351,3
598,1344,5
598,966,5
598,1063,5
598,1125,5
598,1087,2
598,1072,1
598,1285,3
598,116,5
598,1206,4
598,242,4
599,814,1
599,664,5
599,400,2
599,811,4
599,988,3
599,798,1
599,675,4
599,302,1
599,1150,3
599,109,2
600,509,4
600,34,1
600,536,3
600,157,1
600,32,4
600,798,3
600,432,3
600,1114,3
600,2,3
600,666,5
